tick,timestamp_ms,mspt,cpu_temp_c,cpu_freq_mhz,cpu_power_w
1,1782045224859,17.958,85.0,2549.6,19.35
2,1782045224909,17.904,85.0,2799.8,19.60
3,1782045224962,20.832,84.0,2800.0,19.60
4,1782045225014,23.390,85.0,2799.8,24.19
5,1782045225066,25.598,87.0,2800.4,24.19
6,1782045225111,20.510,87.0,2800.2,26.77
7,1782045225164,23.512,87.0,2800.0,26.77
8,1782045225210,19.087,87.0,2799.9,24.53
9,1782045225260,19.628,87.0,2800.0,24.53
10,1782045225310,19.115,87.0,2799.6,23.68
11,1782045225359,18.207,87.0,2799.7,23.68
12,1782045225415,24.152,84.0,2800.0,21.09
13,1782045225463,21.748,83.0,2800.2,21.09
14,1782045225511,20.453,83.0,2799.7,19.25
15,1782045225559,18.492,84.0,2800.0,19.25
16,1782045225611,19.995,85.0,2799.9,20.53
17,1782045225662,21.279,86.0,2800.6,20.53
18,1782045225711,20.022,85.0,2800.0,21.77
19,1782045225760,19.603,85.0,2800.8,21.77
20,1782045225812,20.865,86.0,2800.1,20.73
21,1782045225862,20.891,86.0,2800.0,20.73
22,1782045225911,20.470,84.0,2800.1,20.73
23,1782045225960,19.056,84.0,2800.9,20.73
24,1782045226012,20.863,85.0,2800.0,19.55
25,1782045226063,22.453,85.0,2800.4,19.55
26,1782045226113,22.295,85.0,2799.0,21.34
27,1782045226161,19.743,85.0,2800.0,21.34
28,1782045226211,20.627,86.0,2800.0,19.56
29,1782045226262,21.590,86.0,2799.9,19.56
30,1782045226313,21.708,84.0,2800.6,21.46
31,1782045226367,26.024,83.0,2800.1,21.46
32,1782045226413,21.936,85.0,2800.2,20.77
33,1782045226464,23.261,87.0,2799.8,20.77
34,1782045226512,20.849,85.0,2800.0,21.01
35,1782045226562,21.330,85.0,2799.9,21.01
36,1782045226615,23.736,86.0,2800.4,20.57
37,1782045226664,23.499,86.0,2800.1,20.57
38,1782045226714,22.931,85.0,2550.2,20.62
39,1782045226761,20.014,81.0,2800.7,20.62
40,1782045226812,20.923,82.0,2800.5,17.64
41,1782045226862,20.779,84.0,2800.0,17.64
42,1782045226911,20.314,84.0,2800.7,20.35
43,1782045226962,21.402,84.0,2799.5,20.35
44,1782045227013,21.825,84.0,2800.1,20.88
45,1782045227064,23.230,84.0,2800.0,20.88
46,1782045227118,27.464,85.0,2798.8,21.02
47,1782045227163,22.038,85.0,2800.4,21.02
48,1782045227212,21.096,82.0,2799.6,16.80
49,1782045227268,26.878,82.0,2801.1,16.80
50,1782045227314,22.783,83.0,2800.0,22.32
51,1782045227363,22.134,86.0,2799.2,22.32
52,1782045227413,22.071,86.0,2799.7,25.50
53,1782045227463,22.372,84.0,2800.1,25.50
54,1782045227512,21.496,84.0,2800.0,22.49
55,1782045227566,24.790,86.0,2800.0,22.49
56,1782045227614,23.112,86.0,2800.3,26.95
57,1782045227663,22.106,84.0,2800.4,26.95
58,1782045227715,23.954,83.0,2800.1,22.64
59,1782045227761,20.450,84.0,2800.3,22.64
60,1782045227813,22.138,84.0,2799.9,23.64
61,1782045227860,19.465,85.0,2801.2,23.64
62,1782045227912,21.226,85.0,2800.0,22.69
63,1782045227967,26.362,85.0,2800.5,22.69
64,1782045228020,29.544,87.0,2800.0,27.91
65,1782045228065,24.569,85.0,2800.3,27.91
66,1782045228113,22.183,84.0,2800.3,23.87
67,1782045228162,21.390,85.0,2800.0,23.87
68,1782045228212,21.335,83.0,2799.7,18.35
69,1782045228262,20.935,83.0,2800.6,18.35
70,1782045228312,21.466,84.0,2800.4,21.26
71,1782045228361,20.198,83.0,2799.9,21.26
72,1782045228414,22.791,83.0,2800.0,21.84
73,1782045228463,22.321,84.0,2800.0,21.84
74,1782045228511,19.784,84.0,2800.0,21.84
75,1782045228562,21.261,84.0,2799.9,21.83
76,1782045228612,21.211,82.0,2799.7,21.83
77,1782045228662,21.220,81.0,2799.8,19.53
78,1782045228711,20.632,83.0,2800.1,19.53
79,1782045228761,19.828,83.0,2800.1,19.17
80,1782045228812,21.664,84.0,2800.1,19.17
81,1782045228861,20.295,84.0,2800.2,20.37
82,1782045228912,21.570,84.0,2800.1,20.37
83,1782045228960,19.188,84.0,2800.8,21.01
84,1782045229011,20.540,84.0,2800.8,21.01
85,1782045229061,20.414,84.0,2800.7,21.40
86,1782045229114,23.631,84.0,2800.5,21.40
87,1782045229164,23.034,84.0,2799.7,21.12
88,1782045229211,20.517,85.0,2800.2,21.12
89,1782045229261,20.560,85.0,2800.2,22.37
90,1782045229314,23.498,85.0,2800.5,22.37
91,1782045229364,22.758,85.0,2800.0,20.54
92,1782045229411,20.525,85.0,2799.9,20.54
93,1782045229463,22.599,82.0,2800.1,21.43
94,1782045229511,19.825,81.0,2800.0,21.43
95,1782045229561,20.657,85.0,2800.0,17.28
96,1782045229612,21.070,85.0,2800.3,17.28
97,1782045229664,23.425,85.0,2799.9,20.61
98,1782045229712,20.999,85.0,2800.1,20.61
99,1782045229764,22.838,85.0,2799.4,21.80
100,1782045229810,19.366,85.0,2799.9,21.80
101,1782045229860,19.179,85.0,2800.0,22.10
102,1782045229910,19.311,84.0,2800.0,22.10
103,1782045229960,19.083,81.0,2800.2,18.62
104,1782045230011,19.794,85.0,2800.1,18.62
105,1782045230059,17.756,85.0,2800.2,17.84
106,1782045230111,19.860,85.0,2799.9,17.84
107,1782045230161,20.138,85.0,2799.9,18.40
108,1782045230210,19.675,85.0,2800.0,18.40
109,1782045230262,21.573,85.0,2550.1,21.23
110,1782045230311,20.548,86.0,2800.9,21.23
111,1782045230361,19.811,84.0,2799.9,19.04
112,1782045230410,19.118,82.0,2800.0,19.04
113,1782045230464,23.056,84.0,2799.7,16.35
114,1782045230509,18.447,84.0,2800.3,16.35
115,1782045230608,66.843,86.0,2800.0,19.96
116,1782045230631,23.116,86.0,2799.9,27.80
117,1782045230666,24.863,85.0,2800.1,27.80
118,1782045230710,19.447,85.0,2550.0,27.80
119,1782045230760,19.225,85.0,2800.2,19.96
120,1782045230812,21.159,85.0,2800.0,19.96
121,1782045230859,18.670,83.0,2550.8,20.13
122,1782045230913,22.402,83.0,2800.4,20.13
123,1782045230959,18.585,85.0,2799.5,16.97
124,1782045231011,20.653,85.0,2800.0,16.97
125,1782045231059,17.897,85.0,2800.1,21.21
126,1782045231109,18.348,85.0,2799.6,21.21
127,1782045231160,19.069,85.0,2800.0,21.40
128,1782045231210,19.159,86.0,2799.8,21.40
129,1782045231261,19.823,85.0,2800.0,18.89
130,1782045231312,20.823,84.0,2800.0,18.89
131,1782045231360,19.669,85.0,2800.0,19.36
132,1782045231411,20.164,85.0,2799.3,19.36
133,1782045231463,22.209,85.0,2800.0,19.46
134,1782045231511,20.481,85.0,2800.0,19.46
135,1782045231563,22.609,85.0,2799.8,23.18
136,1782045231612,21.323,85.0,2800.1,23.18
137,1782045231661,19.924,85.0,2550.0,23.15
138,1782045231711,20.119,81.0,2800.9,23.15
139,1782045231761,19.954,81.0,2299.6,19.60
140,1782045231812,21.695,84.0,2800.0,19.60
141,1782045231863,21.980,84.0,2800.2,17.44
142,1782045231912,21.650,85.0,2800.4,17.44
143,1782045231965,24.370,85.0,2800.6,20.55
144,1782045232016,25.334,85.0,2800.3,20.55
145,1782045232061,20.637,84.0,2800.1,20.89
146,1782045232118,27.047,86.0,2799.9,20.89
147,1782045232166,25.281,85.0,2800.4,22.68
148,1782045232219,27.998,86.0,2800.0,22.68
149,1782045232263,22.488,87.0,2799.9,25.64
150,1782045232325,33.705,88.0,2799.7,25.64
151,1782045232364,22.878,88.0,2800.0,28.16
152,1782045232417,26.699,88.0,2800.0,28.16
153,1782045232467,25.734,88.0,2800.1,27.62
154,1782045232515,24.303,88.0,2799.8,27.62
155,1782045232567,26.032,88.0,2799.4,27.91
156,1782045232616,24.936,88.0,2799.9,27.91
157,1782045232665,24.675,85.0,2799.8,28.56
158,1782045232714,22.969,86.0,2550.0,28.56
159,1782045232789,34.676,89.0,2800.2,27.24
160,1782045232827,36.538,88.0,2800.0,27.24
161,1782045232870,29.107,88.0,2799.9,32.98
162,1782045232929,38.278,88.0,2800.1,32.98
163,1782045232970,29.517,89.0,2800.1,31.67
164,1782045233020,29.336,89.0,2800.2,31.67
165,1782045233067,26.663,89.0,2800.0,32.20
166,1782045233122,31.622,89.0,2800.0,32.20
167,1782045233167,26.623,89.0,2799.4,27.69
168,1782045233220,28.879,89.0,2799.6,27.69
169,1782045233272,31.397,89.0,2799.7,27.99
170,1782045233319,28.303,89.0,2800.1,27.99
171,1782045233368,27.362,89.0,2800.3,28.73
172,1782045233417,26.463,89.0,2799.9,28.73
173,1782045233474,33.377,89.0,2801.1,26.62
174,1782045233520,29.533,89.0,2799.7,26.62
175,1782045233569,28.571,89.0,2800.0,24.32
176,1782045233620,29.289,89.0,2800.0,24.32
177,1782045233669,28.042,88.0,2799.7,26.27
178,1782045233723,32.649,88.0,2799.8,26.27
179,1782045233768,27.325,88.0,2800.0,29.11
180,1782045233816,25.265,88.0,2800.6,29.11
181,1782045233867,25.910,88.0,2800.1,27.09
182,1782045233915,23.945,88.0,2800.0,27.09
183,1782045233980,39.361,86.0,2799.8,25.70
184,1782045234017,26.382,88.0,2800.1,25.70
185,1782045234065,24.020,88.0,2800.0,27.51
186,1782045234115,24.567,88.0,2550.0,27.51
187,1782045234163,22.657,88.0,2800.0,27.06
188,1782045234218,26.951,89.0,2799.8,27.06
189,1782045234271,30.615,88.0,2800.0,30.22
190,1782045234319,27.935,89.0,2800.0,30.22
191,1782045234365,24.103,88.0,2800.2,29.43
192,1782045234414,23.569,88.0,2800.0,29.43
193,1782045234469,27.846,86.0,2800.0,25.82
194,1782045234518,26.893,86.0,2050.0,25.82
195,1782045234565,24.615,86.0,2801.0,21.38
196,1782045234617,26.323,86.0,2800.2,21.38
197,1782045234667,26.468,86.0,2800.1,20.42
198,1782045234715,24.118,82.0,2549.9,20.42
199,1782045234762,21.457,85.0,2050.2,19.56
200,1782045234816,25.508,85.0,2799.5,19.56
201,1782045234866,25.543,86.0,2799.6,17.89
202,1782045234919,28.400,86.0,2801.4,17.89
203,1782045234968,27.050,86.0,2799.4,23.22
204,1782045235018,26.888,86.0,2799.7,23.22
205,1782045235067,25.774,86.0,2800.0,23.56
206,1782045235118,27.624,86.0,2798.9,23.56
207,1782045235163,22.011,85.0,2050.0,18.91
208,1782045235214,23.058,86.0,2799.8,18.91
209,1782045235266,24.784,84.0,2798.5,16.41
210,1782045235316,25.584,85.0,2799.8,16.41
211,1782045235370,29.101,85.0,2550.1,20.06
212,1782045235418,26.863,85.0,2799.7,20.06
213,1782045235464,23.615,86.0,2800.2,21.40
214,1782045235515,23.984,85.0,2800.0,21.40
215,1782045235565,23.757,81.0,2800.1,20.21
216,1782045235615,23.778,85.0,2549.9,20.21
217,1782045235670,28.913,84.0,2050.0,17.65
218,1782045235716,24.848,84.0,2799.9,17.65
219,1782045235765,24.086,84.0,2800.2,19.73
220,1782045235815,24.098,84.0,2800.0,19.73
221,1782045235865,23.819,85.0,2800.0,19.87
222,1782045235914,23.464,85.0,2800.6,19.87
223,1782045235969,28.568,85.0,2798.1,19.74
224,1782045236014,23.269,84.0,2299.9,19.74
225,1782045236070,29.386,84.0,2800.6,17.92
226,1782045236117,25.848,85.0,2799.8,17.92
227,1782045236167,26.232,85.0,2799.1,19.18
228,1782045236217,25.868,85.0,2800.0,19.18
229,1782045236264,23.343,85.0,2550.1,22.64
230,1782045236315,24.185,85.0,2801.1,22.64
231,1782045236368,27.585,85.0,2550.0,19.70
232,1782045236415,24.586,82.0,2800.5,19.70
233,1782045236465,24.327,83.0,2800.0,18.56
234,1782045236515,23.922,85.0,2799.9,18.56
235,1782045236564,22.945,85.0,2550.2,19.34
236,1782045236617,25.860,85.0,2800.7,19.34
237,1782045236667,26.168,85.0,2800.0,19.91
238,1782045236716,24.730,85.0,2799.8,19.91
239,1782045236764,22.731,85.0,2799.9,20.14
240,1782045236817,25.894,83.0,2300.0,20.14
241,1782045236867,25.870,85.0,2799.3,17.34
242,1782045236914,23.322,85.0,2800.1,17.34
243,1782045236967,25.703,85.0,2800.0,19.82
244,1782045237014,22.934,85.0,2799.6,19.82
245,1782045237070,28.900,86.0,2800.3,19.85
246,1782045237118,27.702,85.0,2800.3,19.85
247,1782045237165,24.202,81.0,2550.5,18.50
248,1782045237215,24.594,84.0,2050.0,18.50
249,1782045237266,24.763,83.0,2800.0,16.69
250,1782045237317,26.004,87.0,2800.1,16.69
251,1782045237366,25.328,87.0,2800.2,21.42
252,1782045237414,23.166,87.0,2799.6,21.42
253,1782045237469,27.719,88.0,2800.0,21.23
254,1782045237525,34.264,89.0,2800.0,21.23
255,1782045237572,30.708,89.0,2800.0,22.08
256,1782045237616,25.662,85.0,2799.8,22.08
257,1782045237662,21.451,86.0,2799.9,21.41
258,1782045237713,22.139,81.0,2549.9,21.41
259,1782045237762,21.583,86.0,2800.1,16.95
260,1782045237814,22.992,86.0,2800.0,16.95
261,1782045237865,24.140,88.0,2800.9,19.45
262,1782045237916,24.934,86.0,2799.8,19.45
263,1782045237962,21.634,86.0,2550.0,20.36
264,1782045238012,21.170,86.0,2799.9,20.36
265,1782045238064,23.445,86.0,2800.1,20.01
266,1782045238117,25.747,84.0,2550.0,20.01
267,1782045238165,23.986,86.0,2800.0,16.97
268,1782045238214,22.994,82.0,2799.8,16.97
269,1782045238264,23.202,85.0,2799.9,17.92
270,1782045238315,23.703,86.0,2800.0,17.92
271,1782045238363,21.800,87.0,2800.0,20.52
272,1782045238413,21.865,86.0,2799.7,20.52
273,1782045238463,21.741,87.0,2800.0,20.98
274,1782045238513,22.565,88.0,2800.2,20.98
275,1782045238564,23.224,86.0,2549.9,20.01
276,1782045238612,20.947,86.0,2550.0,20.01
277,1782045238664,22.891,86.0,2800.2,17.51
278,1782045238713,22.338,81.0,2050.0,17.51
279,1782045238766,25.167,85.0,2801.1,16.41
280,1782045238813,21.828,86.0,2800.2,16.41
281,1782045238865,24.237,86.0,2550.0,20.40
282,1782045238911,20.662,86.0,2800.0,20.40
283,1782045238962,21.689,86.0,2549.9,19.20
284,1782045239012,20.757,86.0,2549.9,19.20
285,1782045239064,23.325,86.0,2800.4,19.82
286,1782045239115,24.185,86.0,2802.6,19.82
287,1782045239162,21.589,86.0,2549.8,16.95
288,1782045239212,21.414,86.0,2549.0,16.95
289,1782045239264,22.707,83.0,2800.0,14.98
290,1782045239315,23.842,86.0,2799.6,14.98
291,1782045239365,23.835,88.0,2800.0,22.19
292,1782045239419,27.838,87.0,2800.0,22.19
293,1782045239463,21.819,87.0,2800.0,23.32
294,1782045239515,23.943,87.0,2800.1,23.32
295,1782045239565,24.456,87.0,2800.0,19.10
296,1782045239614,22.939,86.0,2799.9,19.10
297,1782045239662,21.289,88.0,2799.9,18.79
298,1782045239713,22.125,86.0,2799.9,18.79
299,1782045239761,20.243,86.0,2550.2,16.34
300,1782045239816,25.365,86.0,2799.5,16.34
301,1782045239864,22.750,86.0,2800.0,17.72
302,1782045239916,25.089,86.0,2549.8,17.72
303,1782045239963,22.204,86.0,2800.0,18.81
304,1782045240014,22.967,86.0,2800.1,18.81
305,1782045240063,22.303,86.0,2800.0,19.72
306,1782045240114,23.409,86.0,2800.2,19.72
307,1782045240162,21.603,83.0,2799.8,19.38
308,1782045240214,23.468,89.0,2800.0,19.38
309,1782045240261,19.798,84.0,2799.9,19.38
310,1782045240314,23.296,86.0,2800.3,17.69
311,1782045240363,21.726,86.0,2800.0,19.52
312,1782045240413,21.931,86.0,2800.1,19.52
313,1782045240463,22.141,87.0,2800.4,19.58
314,1782045240512,21.210,86.0,2550.1,19.58
315,1782045240565,23.973,86.0,2549.7,19.53
316,1782045240611,20.163,82.0,1800.3,19.53
317,1782045240662,21.326,81.0,2049.9,19.53
318,1782045240715,24.280,85.0,2550.0,15.44
319,1782045240763,22.036,86.0,2550.5,15.44
320,1782045240815,24.071,86.0,2799.5,19.04
321,1782045240862,21.605,86.0,2550.1,19.04
322,1782045240914,23.051,86.0,2800.0,19.55
323,1782045240963,21.759,86.0,2800.1,19.55
324,1782045241012,21.109,86.0,2799.9,18.74
325,1782045241063,22.562,85.0,2550.0,18.74
326,1782045241113,22.366,86.0,2800.1,18.65
327,1782045241163,21.866,84.0,2799.8,18.65
328,1782045241213,22.657,84.0,2800.3,15.89
329,1782045241263,22.612,85.0,2799.4,15.89
330,1782045241314,22.755,85.0,2800.0,17.25
331,1782045241363,22.524,85.0,2800.3,17.25
332,1782045241416,25.061,86.0,2799.9,19.66
333,1782045241464,22.954,86.0,2800.1,19.66
334,1782045241516,24.830,86.0,2798.6,20.64
335,1782045241565,23.782,84.0,2800.0,20.64
336,1782045241612,21.703,86.0,2300.0,18.59
337,1782045241663,22.211,81.0,2550.0,18.59
338,1782045241715,24.634,84.0,2550.1,15.47
339,1782045241764,23.591,86.0,2550.0,15.47
340,1782045241815,24.321,86.0,2799.7,17.84
341,1782045241877,35.854,86.0,2800.4,19.64
342,1782045241913,22.470,86.0,2799.9,19.64
343,1782045241960,18.784,86.0,2799.9,19.64
344,1782045242010,19.345,84.0,2800.0,22.81
345,1782045242059,17.793,84.0,2799.9,22.81
346,1782045242114,23.333,84.0,2799.8,20.30
347,1782045242157,16.494,84.0,2300.1,20.30
348,1782045242208,17.315,83.0,2799.7,20.23
349,1782045242257,16.219,81.0,2300.0,20.23
350,1782045242314,23.062,85.0,2801.2,17.36
351,1782045242360,19.542,85.0,2300.1,17.36
352,1782045242408,17.419,85.0,2800.5,20.71
353,1782045242460,18.789,85.0,2800.0,20.71
354,1782045242509,18.579,85.0,2800.4,20.51
355,1782045242559,18.215,86.0,2800.4,20.51
356,1782045242613,22.263,87.0,2799.7,22.12
357,1782045242661,20.680,86.0,2800.0,22.12
358,1782045242713,19.548,84.0,2800.2,23.98
359,1782045242758,16.813,82.0,2800.0,23.98
360,1782045242810,18.824,83.0,2800.0,18.37
361,1782045242860,19.385,83.0,2799.5,18.37
362,1782045242910,19.554,82.0,2801.5,17.26
363,1782045242960,19.032,84.0,2800.2,17.26
364,1782045243011,20.201,84.0,2800.9,18.51
365,1782045243059,17.779,84.0,2800.1,18.51
366,1782045243113,21.707,84.0,2800.0,20.95
367,1782045243159,18.624,84.0,2800.1,20.95
368,1782045243210,18.814,84.0,2800.1,21.89
369,1782045243258,17.465,84.0,2800.1,21.89
370,1782045243308,17.526,83.0,2801.2,19.91
371,1782045243360,19.328,85.0,2550.5,19.91
372,1782045243411,19.728,84.0,2800.3,17.13
373,1782045243464,22.801,84.0,2800.0,17.13
374,1782045243510,18.990,83.0,2800.0,17.74
375,1782045243559,18.150,84.0,2800.2,17.74
376,1782045243612,20.908,85.0,2799.9,21.74
377,1782045243662,21.381,84.0,2799.3,21.74
378,1782045243710,19.644,84.0,2799.9,23.97
379,1782045243759,18.669,84.0,2800.0,23.97
380,1782045243813,22.040,85.0,2800.1,22.33
381,1782045243863,21.776,83.0,2550.5,22.33
382,1782045243910,19.419,84.0,2550.1,18.97
383,1782045243959,18.384,81.0,2550.1,18.97
384,1782045244012,21.399,83.0,2799.8,15.99
385,1782045244060,19.434,84.0,2799.5,15.99
386,1782045244140,20.893,84.0,2800.0,21.52
387,1782045244163,22.184,86.0,2800.0,21.52
388,1782045244218,26.956,86.0,2800.0,22.47
389,1782045244259,18.280,84.0,2800.4,22.47
390,1782045244322,31.377,86.0,2801.3,20.58
391,1782045244366,25.360,85.0,2549.5,20.58
392,1782045244415,24.262,86.0,2800.7,20.89
393,1782045244464,22.900,82.0,2800.0,20.89
394,1782045244512,21.670,83.0,2800.0,21.40
395,1782045244564,23.344,84.0,2800.4,21.40
396,1782045244613,22.647,86.0,2800.0,23.58
397,1782045244664,23.432,84.0,2799.7,23.58
398,1782045244716,25.422,84.0,2799.6,21.72
399,1782045244763,22.010,84.0,2799.8,21.72
400,1782045244813,21.936,83.0,2799.8,20.62
401,1782045244860,19.047,80.0,2800.4,20.62
402,1782045244912,21.417,83.0,2800.4,18.49
403,1782045244964,23.094,84.0,2799.8,18.49
404,1782045245012,21.694,84.0,2799.9,21.49
405,1782045245063,22.003,86.0,2800.0,21.49
406,1782045245114,23.296,84.0,2800.0,21.63
407,1782045245164,23.376,84.0,2800.0,21.63
408,1782045245214,23.378,84.0,2799.9,21.85
409,1782045245262,20.726,82.0,2800.7,21.85
410,1782045245311,20.591,81.0,2798.9,20.94
411,1782045245364,22.979,82.0,2799.1,20.94
412,1782045245415,24.524,82.0,2800.4,18.20
413,1782045245465,23.704,83.0,2800.2,18.20
414,1782045245512,21.324,83.0,2799.7,19.75
415,1782045245564,23.378,83.0,2799.0,19.75
416,1782045245615,24.616,84.0,2800.1,20.46
417,1782045245664,22.842,84.0,2800.0,20.46
418,1782045245715,24.334,83.0,2799.6,21.21
419,1782045245765,24.661,83.0,2800.4,21.21
420,1782045245818,27.030,82.0,2800.0,20.59
421,1782045245862,20.897,84.0,2550.2,20.59
422,1782045245914,22.999,81.0,2800.2,19.28
423,1782045245967,25.764,82.0,2800.0,19.28
424,1782045246019,28.648,83.0,2800.2,18.24
425,1782045246067,25.842,83.0,2799.4,18.24
426,1782045246113,21.966,84.0,2800.0,22.47
427,1782045246163,21.823,84.0,2799.9,22.47
428,1782045246213,22.585,84.0,2800.4,20.67
429,1782045246264,23.031,84.0,2801.1,20.67
430,1782045246315,23.842,83.0,2800.0,21.17
431,1782045246362,21.667,84.0,2800.0,21.17
432,1782045246413,21.835,83.0,2799.9,20.70
433,1782045246466,25.057,83.0,2800.7,20.70
434,1782045246511,20.389,81.0,2800.0,17.54
435,1782045246562,20.771,83.0,2800.0,17.54
436,1782045246616,25.108,83.0,2550.0,19.22
437,1782045246662,21.461,83.0,2800.6,19.22
438,1782045246714,23.583,83.0,2550.5,20.88
439,1782045246764,22.786,84.0,2799.9,20.88
440,1782045246816,25.298,84.0,2799.5,19.44
441,1782045246863,22.077,84.0,2550.2,19.44
442,1782045246913,22.222,84.0,2549.9,20.21
443,1782045246963,22.688,80.0,2799.6,20.21
444,1782045247013,22.259,81.0,2800.1,16.78
445,1782045247062,21.239,82.0,2799.6,16.78
446,1782045247113,21.926,83.0,2801.0,18.50
447,1782045247164,22.912,84.0,2801.0,18.50
448,1782045247215,24.567,84.0,2800.0,20.05
449,1782045247264,23.010,84.0,2800.5,20.05
450,1782045247313,22.307,84.0,2799.8,20.97
451,1782045247365,24.592,84.0,2550.3,20.97
452,1782045247412,20.949,83.0,2550.0,18.63
453,1782045247463,22.171,83.0,2800.1,18.63
454,1782045247514,22.983,83.0,2800.0,18.68
455,1782045247564,23.532,85.0,2800.3,18.68
456,1782045247616,25.380,85.0,2800.6,22.55
457,1782045247664,22.830,84.0,2799.8,22.55
458,1782045247713,22.363,84.0,2550.2,21.51
459,1782045247766,24.953,84.0,2800.2,21.51
460,1782045247813,22.432,83.0,2549.2,18.06
461,1782045247862,21.193,84.0,2550.3,18.06
462,1782045247911,19.845,84.0,2800.2,17.26
463,1782045247963,22.288,84.0,2800.8,17.26
464,1782045248011,20.631,84.0,2799.9,19.37
465,1782045248062,20.991,83.0,2550.0,19.37
466,1782045248112,21.212,84.0,2800.1,18.69
467,1782045248163,21.943,83.0,2800.4,18.69
468,1782045248213,21.736,82.0,2800.4,18.70
469,1782045248263,21.957,82.0,2799.8,18.70
470,1782045248315,24.082,82.0,2800.1,16.70
471,1782045248364,23.343,83.0,2799.9,16.70
472,1782045248414,22.848,82.0,2799.7,20.06
473,1782045248463,22.127,83.0,2800.4,20.06
474,1782045248514,22.966,82.0,2799.9,19.84
475,1782045248562,21.189,83.0,2299.9,19.84
476,1782045248613,22.286,81.0,2800.0,19.04
477,1782045248663,22.641,81.0,2800.0,19.04
478,1782045248711,19.865,82.0,2799.6,18.74
479,1782045248763,22.515,82.0,2800.3,18.74
480,1782045248815,24.105,83.0,2800.2,19.06
481,1782045248865,23.976,86.0,2800.3,19.06
482,1782045248914,22.763,86.0,2799.9,26.02
483,1782045248965,24.092,84.0,2800.2,26.02
484,1782045249016,24.818,85.0,2800.0,24.01
485,1782045249063,22.223,86.0,2799.9,24.01
486,1782045249115,24.527,87.0,2800.5,27.42
487,1782045249165,24.692,86.0,2799.5,27.42
488,1782045249214,23.288,85.0,2550.5,24.27
489,1782045249264,23.372,86.0,2550.2,24.27
490,1782045249313,21.861,87.0,2800.0,22.68
491,1782045249362,21.312,84.0,2550.7,22.68
492,1782045249416,24.712,84.0,2800.0,22.15
493,1782045249464,23.349,84.0,2799.7,22.15
494,1782045249512,21.534,85.0,2799.3,20.27
495,1782045249562,20.767,83.0,2800.0,20.27
496,1782045249617,25.794,84.0,2800.0,21.92
497,1782045249699,58.249,84.0,2800.9,27.60
498,1782045249723,23.251,85.0,2799.9,27.60
499,1782045249762,20.808,82.0,2800.0,27.60
500,1782045249815,24.411,82.0,2800.7,16.94
501,1782045249862,21.003,84.0,2300.1,16.94
502,1782045249912,21.609,84.0,2799.6,20.12
503,1782045249962,21.297,83.0,2799.7,20.12
504,1782045250018,26.794,84.0,2799.9,20.41
505,1782045250062,21.150,84.0,2800.0,20.41
506,1782045250116,25.687,84.0,2800.7,21.82
507,1782045250163,21.733,84.0,2799.9,21.82
508,1782045250214,23.184,83.0,2799.7,20.85
509,1782045250260,19.669,84.0,2049.8,20.85
510,1782045250312,21.019,83.0,2800.7,16.80
511,1782045250362,21.053,83.0,2800.1,16.80
512,1782045250413,22.366,84.0,2800.3,19.63
513,1782045250463,22.659,84.0,2800.0,19.63
514,1782045250516,24.705,84.0,2800.2,20.30
515,1782045250562,20.793,84.0,2799.9,20.30
516,1782045250612,20.735,84.0,2799.9,20.01
517,1782045250661,20.491,84.0,2550.0,20.01
518,1782045250713,21.798,82.0,2799.7,18.11
519,1782045250761,20.190,83.0,2800.7,18.11
520,1782045250812,21.014,83.0,2799.9,18.49
521,1782045250861,20.377,84.0,2800.1,18.49
522,1782045250910,19.641,83.0,2800.2,20.09
523,1782045250961,19.712,83.0,2800.0,20.09
524,1782045251011,20.568,84.0,2800.4,20.08
525,1782045251063,22.267,84.0,2799.6,20.08
526,1782045251114,22.725,84.0,2550.0,18.84
527,1782045251163,22.358,84.0,2800.1,18.84
528,1782045251213,21.731,84.0,2800.6,18.90
529,1782045251263,22.073,84.0,2800.0,18.90
530,1782045251313,22.570,84.0,2800.1,20.61
531,1782045251361,20.148,84.0,2300.0,20.61
532,1782045251410,19.426,84.0,2800.5,18.98
533,1782045251461,20.358,84.0,2300.0,18.98
534,1782045251511,20.541,81.0,2799.9,17.42
535,1782045251561,20.105,82.0,2550.0,17.42
536,1782045251611,19.856,83.0,2300.0,17.30
537,1782045251663,21.723,83.0,2800.0,17.30
538,1782045251712,20.751,83.0,2800.0,18.82
539,1782045251761,19.962,83.0,2299.5,18.82
540,1782045251813,22.656,83.0,2800.1,18.99
541,1782045251863,21.737,83.0,2799.9,18.99
542,1782045251910,19.445,82.0,2800.1,18.42
543,1782045251962,21.678,81.0,2800.3,18.42
544,1782045252013,21.944,82.0,2799.9,18.38
545,1782045252063,22.465,84.0,2800.0,18.38
546,1782045252114,23.057,84.0,2800.0,20.98
547,1782045252164,22.900,84.0,2800.0,20.98
548,1782045252210,19.264,84.0,2800.7,22.25
549,1782045252262,21.385,83.0,2800.0,22.25
550,1782045252315,24.001,85.0,2800.0,22.15
551,1782045252363,22.193,85.0,2800.0,22.15
552,1782045252415,23.745,84.0,2800.0,25.19
553,1782045252464,23.313,85.0,2800.0,25.19
554,1782045252515,24.166,85.0,2800.0,25.22
555,1782045252562,20.853,86.0,2800.0,25.22
556,1782045252612,21.440,86.0,2800.0,23.92
557,1782045252664,23.094,85.0,2800.8,23.92
558,1782045252712,21.041,84.0,2799.9,23.92
559,1782045252761,19.961,85.0,2799.6,21.24
560,1782045252814,23.652,84.0,2800.2,20.27
561,1782045252860,19.113,83.0,2800.0,20.27
562,1782045252910,19.637,82.0,2300.0,20.27
563,1782045252959,18.412,82.0,1800.0,16.75
564,1782045253012,21.503,82.0,2799.9,16.75
565,1782045253062,20.917,84.0,2800.0,15.61
566,1782045253116,24.943,84.0,2800.0,21.66
567,1782045253162,21.345,84.0,2800.0,21.66
568,1782045253215,23.977,85.0,2800.0,25.01
569,1782045253261,20.552,84.0,2800.0,25.01
570,1782045253311,20.108,83.0,2800.1,25.01
571,1782045253363,21.929,84.0,2799.6,22.76
572,1782045253411,20.364,84.0,2800.0,22.76
573,1782045253460,19.506,82.0,2799.9,20.71
574,1782045253511,19.752,83.0,2800.0,20.71
575,1782045253560,19.000,84.0,2800.1,17.16
576,1782045253610,18.738,82.0,2050.0,17.16
577,1782045253663,22.239,80.0,2800.1,16.54
578,1782045253711,20.610,83.0,2799.8,16.54
579,1782045253761,20.133,83.0,2801.2,16.73
580,1782045253812,21.476,83.0,2800.0,16.73
581,1782045253860,19.112,83.0,2300.1,20.99
582,1782045253910,19.090,84.0,2800.4,20.99
583,1782045253961,20.444,83.0,2800.2,18.79
584,1782045254009,17.866,83.0,2549.9,18.79
585,1782045254059,17.771,84.0,2800.2,19.43
586,1782045254111,20.025,81.0,2550.0,19.43
587,1782045254158,17.534,81.0,2550.5,17.19
588,1782045254211,20.055,82.0,2549.2,17.19
589,1782045254259,18.564,82.0,2549.5,17.90
590,1782045254311,19.854,82.0,2800.0,17.90
591,1782045254359,18.156,83.0,2801.1,19.21
592,1782045254410,19.324,83.0,2799.9,19.21
593,1782045254461,19.993,83.0,2550.1,18.30
594,1782045254508,17.562,82.0,2550.1,18.30
595,1782045254560,19.442,79.0,1800.2,18.61
596,1782045254610,19.020,82.0,2549.9,18.61
597,1782045254661,20.426,82.0,2551.0,17.59
598,1782045254713,21.757,84.0,2800.0,17.59
599,1782045254764,22.766,83.0,2800.1,20.76
600,1782045254813,22.405,84.0,2800.0,20.76
601,1782045254859,17.833,83.0,2800.1,22.89
602,1782045254909,18.418,83.0,2800.3,22.89
603,1782045254960,19.235,82.0,2799.6,19.74
604,1782045255011,19.757,83.0,2799.9,19.74
605,1782045255061,20.256,84.0,2799.9,20.11
606,1782045255114,23.691,85.0,2800.0,20.11
607,1782045255162,21.196,85.0,2800.2,23.47
608,1782045255209,18.676,84.0,2800.0,23.47
609,1782045255261,20.030,83.0,2799.9,22.52
610,1782045255311,20.234,84.0,2800.6,22.52
611,1782045255358,17.381,82.0,2300.2,19.32
612,1782045255409,18.515,80.0,2300.4,19.32
613,1782045255459,18.624,83.0,2800.7,15.83
614,1782045255507,16.312,83.0,2550.0,15.83
615,1782045255558,17.656,83.0,2800.2,18.16
616,1782045255611,20.096,83.0,2800.0,18.16
617,1782045255663,22.520,83.0,2550.0,18.75
618,1782045255710,18.970,84.0,2800.5,18.75
619,1782045255761,19.828,84.0,2800.0,18.45
620,1782045255815,24.002,82.0,2799.8,18.45
621,1782045255864,23.617,83.0,2801.5,19.89
622,1782045255913,22.021,82.0,2800.2,19.89
623,1782045255965,24.231,83.0,2800.1,20.31
624,1782045256011,20.701,83.0,2800.0,20.31
625,1782045256063,21.887,83.0,2550.3,21.44
626,1782045256112,21.178,84.0,2550.3,21.44
627,1782045256160,19.486,84.0,2550.2,21.29
628,1782045256210,18.777,84.0,2800.0,21.29
629,1782045256257,16.243,81.0,2550.5,18.24
630,1782045256309,18.132,79.0,2550.0,18.24
631,1782045256360,18.765,83.0,2799.9,15.31
632,1782045256411,20.040,82.0,2800.4,15.31
633,1782045256458,17.625,82.0,2800.8,19.12
634,1782045256510,18.797,83.0,2549.9,19.12
635,1782045256561,20.519,82.0,2300.3,18.26
636,1782045256609,18.611,82.0,2550.3,18.26
637,1782045256661,20.348,82.0,2549.8,19.22
638,1782045256717,26.619,83.0,2800.5,19.22
639,1782045256761,20.684,82.0,2800.0,21.34
640,1782045256810,18.984,82.0,2300.0,21.34
641,1782045256860,18.723,83.0,2299.9,17.72
642,1782045256909,18.699,79.0,2800.0,17.72
643,1782045256959,18.172,83.0,2800.5,15.33
644,1782045257015,23.956,84.0,2800.0,15.33
645,1782045257064,23.428,82.0,2800.3,19.21
646,1782045257112,20.920,82.0,2800.2,19.21
647,1782045257158,17.375,83.0,2800.2,18.25
648,1782045257211,20.613,83.0,2799.9,18.25
649,1782045257260,19.509,84.0,2800.1,19.23
650,1782045257312,21.475,84.0,2800.2,19.23
651,1782045257359,18.442,83.0,2550.0,20.33
652,1782045257411,20.517,84.0,2800.0,20.33
653,1782045257461,19.921,83.0,2800.6,17.79
654,1782045257509,18.014,83.0,2800.1,17.79
655,1782045257561,20.270,82.0,2799.9,17.27
656,1782045257610,19.508,84.0,2800.3,17.27
657,1782045257663,22.025,85.0,2799.8,22.06
658,1782045257712,21.552,85.0,2799.8,22.06
659,1782045257761,19.971,85.0,2800.3,21.05
660,1782045257813,21.804,86.0,2800.4,21.05
661,1782045257863,22.559,85.0,2800.2,21.68
662,1782045257915,24.252,85.0,2800.0,21.68
663,1782045257962,21.524,83.0,2801.0,21.57
664,1782045258010,19.253,83.0,2800.0,21.57
665,1782045258062,21.570,83.0,2799.9,17.03
666,1782045258115,23.746,85.0,2800.3,17.03
667,1782045258163,22.048,85.0,2800.0,20.67
668,1782045258210,19.399,85.0,2800.0,20.67
669,1782045258261,20.473,85.0,2800.5,19.96
670,1782045258312,20.993,85.0,2800.0,19.96
671,1782045258360,19.580,85.0,2800.4,19.33
672,1782045258410,19.609,84.0,2800.2,19.33
673,1782045258460,19.419,83.0,2799.5,18.98
674,1782045258509,18.582,84.0,2800.2,18.98
675,1782045258562,20.758,84.0,2799.9,19.55
676,1782045258615,24.528,85.0,2799.9,19.55
677,1782045258666,25.278,86.0,2799.9,22.07
678,1782045258715,24.211,86.0,2800.6,22.07
679,1782045258760,19.421,86.0,2799.7,22.40
680,1782045258812,20.943,84.0,2800.1,22.40
681,1782045258864,23.348,84.0,2799.9,19.34
682,1782045258913,22.302,85.0,2800.0,19.34
683,1782045258959,18.625,85.0,2800.0,19.53
684,1782045259010,18.883,85.0,2799.9,19.53
685,1782045259060,18.744,85.0,2800.0,19.85
686,1782045259114,22.750,85.0,2800.0,19.85
687,1782045259160,19.126,85.0,2801.1,18.89
688,1782045259212,21.362,85.0,2800.9,18.89
689,1782045259261,20.613,85.0,2800.6,20.08
690,1782045259313,22.225,84.0,2800.9,20.08
691,1782045259362,20.888,85.0,2550.3,16.51
692,1782045259412,21.204,81.0,2800.1,16.51
693,1782045259463,21.752,82.0,2799.9,19.06
694,1782045259510,19.008,82.0,2799.8,19.06
695,1782045259563,22.404,83.0,2800.3,19.69
696,1782045259614,23.248,83.0,2799.9,19.69
697,1782045259665,24.006,83.0,2799.9,21.18
698,1782045259711,20.071,83.0,2799.7,21.18
699,1782045259760,18.757,84.0,2799.9,19.44
700,1782045259810,19.401,83.0,2800.6,19.44
701,1782045259863,22.168,82.0,2800.6,17.53
702,1782045259913,22.045,83.0,2800.1,17.53
703,1782045259965,24.440,83.0,2800.4,24.18
704,1782045260010,19.050,84.0,2799.7,24.18
705,1782045260063,21.791,83.0,2800.0,21.06
706,1782045260113,22.296,84.0,2799.6,21.06
707,1782045260163,22.559,83.0,2800.6,19.45
708,1782045260210,18.863,82.0,2799.0,19.45
709,1782045260261,19.970,80.0,2799.4,18.44
710,1782045260313,21.705,82.0,2799.7,18.44
711,1782045260364,23.534,84.0,2799.9,18.81
712,1782045260411,20.282,83.0,2800.0,18.81
713,1782045260461,20.688,83.0,2800.5,21.53
714,1782045260511,20.619,82.0,2800.3,21.53
715,1782045260562,20.775,83.0,2800.0,20.06
716,1782045260610,19.383,81.0,2800.2,20.06
717,1782045260662,21.362,82.0,2798.8,17.98
718,1782045260712,21.050,81.0,2800.3,17.98
719,1782045260759,18.479,83.0,2800.0,16.07
720,1782045260813,21.809,83.0,2799.7,16.07
721,1782045260862,20.915,84.0,2800.0,19.91
722,1782045260915,23.795,84.0,2800.0,19.91
723,1782045260960,19.455,85.0,2800.5,22.55
724,1782045261010,19.089,85.0,2800.0,22.55
725,1782045261060,19.138,84.0,2800.7,20.47
726,1782045261113,21.846,84.0,2800.0,20.47
727,1782045261162,21.371,84.0,2800.5,20.91
728,1782045261209,18.540,84.0,2800.5,20.91
729,1782045261262,21.214,83.0,2800.0,17.12
730,1782045261313,22.650,84.0,2799.9,17.12
731,1782045261362,21.292,84.0,2299.8,21.25
732,1782045261410,19.655,85.0,2800.0,21.25
733,1782045261459,18.475,84.0,2550.4,19.63
734,1782045261511,20.258,84.0,2800.0,19.63
735,1782045261560,18.724,84.0,2800.4,19.24
736,1782045261609,18.088,84.0,2799.7,19.24
737,1782045261661,20.283,84.0,2549.8,17.57
738,1782045261712,20.913,83.0,2799.4,17.57
739,1782045261763,22.403,85.0,2800.0,21.34
740,1782045261812,21.514,86.0,2800.0,21.34
741,1782045261862,20.755,84.0,2800.0,21.04
742,1782045261910,19.358,85.0,2800.7,21.04
743,1782045261965,24.005,85.0,2800.0,19.87
744,1782045262015,24.215,85.0,2799.2,19.87
745,1782045262066,25.098,85.0,1800.2,20.04
746,1782045262119,27.852,84.0,2549.3,20.04
747,1782045262164,23.271,84.0,2799.9,17.59
748,1782045262214,22.776,84.0,2799.9,17.59
749,1782045262264,22.976,85.0,2800.5,19.06
750,1782045262314,23.219,85.0,2799.6,19.06
751,1782045262363,21.816,86.0,2800.0,19.84
752,1782045262413,22.616,85.0,2799.6,19.84
753,1782045262462,21.413,83.0,2800.0,19.28
754,1782045262511,20.219,83.0,2799.8,19.28
755,1782045262567,26.060,84.0,2550.5,18.66
756,1782045262615,23.838,85.0,2800.3,18.66
757,1782045262663,22.449,85.0,2800.1,24.19
758,1782045262715,23.944,84.0,2800.2,24.19
759,1782045262769,28.080,84.0,2800.2,19.33
760,1782045262817,26.308,85.0,2799.7,19.33
761,1782045262865,24.578,86.0,2800.1,20.97
762,1782045262916,25.420,85.0,2800.3,20.97
763,1782045262964,23.410,86.0,2800.2,17.29
764,1782045263017,24.731,86.0,2800.5,17.29
765,1782045263066,24.804,86.0,2800.1,19.10
766,1782045263118,26.782,86.0,2799.9,19.10
767,1782045263167,26.073,86.0,2550.4,18.42
768,1782045263215,24.273,86.0,2799.8,18.42
769,1782045263268,27.263,86.0,2550.3,19.05
770,1782045263317,26.694,86.0,2800.4,19.05
771,1782045263366,25.356,84.0,2550.6,17.12
772,1782045263415,24.311,86.0,2800.0,17.12
773,1782045263467,25.933,86.0,2549.9,19.46
774,1782045263517,26.600,86.0,2799.8,19.46
775,1782045263564,22.852,85.0,2549.3,18.70
776,1782045263616,25.106,85.0,2800.2,18.70
777,1782045263667,25.835,85.0,2799.9,20.14
778,1782045263714,23.500,85.0,2800.0,20.14
779,1782045263762,21.100,83.0,2049.9,18.14
780,1782045263812,20.903,80.0,2800.1,18.14
781,1782045263864,23.692,84.0,2799.9,17.11
782,1782045263912,21.152,85.0,2800.0,17.11
783,1782045263963,22.419,84.0,2800.0,20.88
784,1782045264012,21.286,85.0,2800.0,20.88
785,1782045264063,22.107,85.0,2800.2,20.19
786,1782045264115,24.280,85.0,2799.8,20.19
787,1782045264165,24.324,85.0,2799.2,19.77
788,1782045264213,21.730,83.0,2800.1,19.77
789,1782045264264,23.612,83.0,2800.0,17.57
790,1782045264313,21.786,84.0,2799.9,17.57
791,1782045264364,23.373,84.0,2800.4,21.34
792,1782045264414,22.826,84.0,2799.9,21.34
793,1782045264463,22.573,84.0,2549.8,21.12
794,1782045264513,22.693,86.0,2800.0,21.12
795,1782045264563,22.059,84.0,2800.0,21.81
796,1782045264615,24.383,82.0,2799.8,21.81
797,1782045264666,25.528,83.0,2300.1,18.89
798,1782045264714,23.148,83.0,2300.2,18.89
799,1782045264761,20.407,83.0,2550.1,18.89
800,1782045264817,25.964,84.0,2800.1,19.16
801,1782045264869,21.896,85.0,2800.0,20.33
802,1782045264913,22.107,85.0,2799.8,20.33
803,1782045264962,21.151,84.0,2799.7,20.33
804,1782045265015,24.246,85.0,2799.9,20.79
805,1782045265065,23.909,84.0,2800.1,22.89
806,1782045265112,21.376,85.0,2799.9,22.89
807,1782045265162,21.351,85.0,2800.2,22.89
808,1782045265216,25.176,85.0,2800.0,20.93
809,1782045265263,22.257,85.0,2800.0,20.93
810,1782045265312,21.155,85.0,2800.3,20.45
811,1782045265363,22.545,85.0,2801.0,20.45
812,1782045265413,22.317,82.0,2549.7,19.63
813,1782045265463,21.867,84.0,2800.5,19.63
814,1782045265511,20.010,84.0,2800.7,17.30
815,1782045265562,21.482,84.0,2800.1,17.30
816,1782045265613,22.339,84.0,2800.2,19.20
817,1782045265666,24.710,85.0,2799.8,19.20
818,1782045265716,25.083,85.0,2800.4,19.99
819,1782045265764,22.725,84.0,2549.8,19.99
820,1782045265856,65.521,86.0,2800.6,18.94
821,1782045265882,25.623,86.0,2799.8,25.51
822,1782045265914,23.198,86.0,2799.9,25.51
823,1782045265964,22.818,85.0,2799.8,25.51
824,1782045266012,21.331,86.0,2549.9,21.34
825,1782045266063,22.572,86.0,2550.1,21.34
826,1782045266114,23.610,85.0,2800.2,19.71
827,1782045266165,24.592,85.0,2799.7,19.71
828,1782045266211,20.569,84.0,2799.9,21.53
829,1782045266261,20.497,84.0,2551.1,21.53
830,1782045266315,24.255,84.0,2800.6,17.45
831,1782045266363,21.720,85.0,2800.0,17.45
832,1782045266411,20.061,85.0,2800.2,19.37
833,1782045266463,22.438,85.0,2799.4,19.37
834,1782045266513,21.797,85.0,2800.0,19.30
835,1782045266562,21.281,85.0,2799.9,19.30
836,1782045266614,23.332,85.0,2799.9,19.77
837,1782045266667,26.214,82.0,2550.5,19.77
838,1782045266712,21.289,83.0,2550.5,18.67
839,1782045266763,21.947,82.0,2300.0,18.67
840,1782045266812,21.469,83.0,2550.3,15.79
841,1782045266864,23.528,83.0,2550.4,15.79
842,1782045266914,23.440,84.0,2800.1,18.91
843,1782045266963,21.792,85.0,2799.9,18.91
844,1782045267014,23.535,85.0,2800.2,20.18
845,1782045267065,24.154,85.0,2300.0,20.18
846,1782045267113,22.496,83.0,2800.6,20.21
847,1782045267161,20.558,83.0,2299.9,20.21
848,1782045267214,23.095,84.0,2800.2,16.29
849,1782045267261,19.835,84.0,2800.4,16.29
850,1782045267315,24.233,84.0,2800.6,20.24
851,1782045267365,23.765,85.0,2799.9,20.24
852,1782045267412,20.945,85.0,2550.1,19.86
853,1782045267461,20.497,85.0,2550.5,19.86
854,1782045267514,23.675,85.0,2800.1,18.90
855,1782045267562,20.845,84.0,2800.3,18.90
856,1782045267611,20.120,84.0,2799.8,20.67
857,1782045267665,24.175,82.0,2800.0,20.67
858,1782045267712,21.107,83.0,2799.7,19.95
859,1782045267761,20.164,84.0,2550.0,19.95
860,1782045267813,22.306,84.0,2800.0,18.22
861,1782045267863,22.303,85.0,2550.0,18.22
862,1782045267911,20.460,85.0,2800.8,18.67
863,1782045267964,23.519,84.0,2550.0,18.67
864,1782045268015,24.180,82.0,2800.4,18.63
865,1782045268063,22.266,83.0,2800.3,18.63
866,1782045268113,22.127,84.0,2549.6,17.72
867,1782045268163,22.684,84.0,2550.6,17.72
868,1782045268213,22.159,84.0,2799.7,19.21
869,1782045268263,22.067,85.0,2801.1,19.21
870,1782045268313,21.956,85.0,2799.8,20.21
871,1782045268365,24.621,84.0,2800.2,20.21
872,1782045268411,20.425,79.0,2800.0,18.62
873,1782045268462,21.438,82.0,2800.2,18.62
874,1782045268513,22.100,83.0,2800.8,18.04
875,1782045268564,22.769,84.0,2800.0,18.04
876,1782045268614,23.253,84.0,2550.2,20.22
877,1782045268662,21.384,84.0,2551.1,20.22
878,1782045268714,23.683,84.0,2799.9,20.23
879,1782045268762,21.424,83.0,2550.0,20.23
880,1782045268813,21.903,82.0,2800.1,17.62
881,1782045268861,20.582,83.0,2550.4,17.62
882,1782045268912,20.934,84.0,2800.0,17.71
883,1782045268960,19.406,84.0,2550.4,17.71
884,1782045269011,20.196,84.0,2549.9,18.53
885,1782045269060,19.668,84.0,2550.0,18.53
886,1782045269111,20.138,83.0,2549.8,19.34
887,1782045269162,20.975,83.0,2800.6,19.34
888,1782045269212,20.974,82.0,2299.9,17.88
889,1782045269262,20.909,83.0,2799.9,17.88
890,1782045269313,22.471,83.0,2799.5,16.98
891,1782045269361,19.982,84.0,2800.0,16.98
892,1782045269418,27.214,85.0,2800.1,21.22
893,1782045269466,24.916,86.0,2800.2,21.22
894,1782045269515,24.131,86.0,2800.5,24.90
895,1782045269565,23.941,87.0,2799.5,24.90
896,1782045269612,21.323,86.0,2800.2,24.34
897,1782045269662,21.015,85.0,2550.0,24.34
898,1782045269712,21.358,87.0,2799.9,22.20
899,1782045269762,21.233,86.0,2800.0,22.20
900,1782045269814,22.742,87.0,2800.1,22.49
901,1782045269863,22.696,87.0,2800.0,22.49
902,1782045269914,23.682,87.0,2800.1,23.24
903,1782045269966,25.181,87.0,2800.3,23.24
904,1782045270012,21.269,87.0,2800.0,24.77
905,1782045270062,21.472,86.0,2549.3,24.77
906,1782045270115,24.499,85.0,2550.7,22.08
907,1782045270163,21.861,87.0,2800.3,22.08
908,1782045270217,25.730,87.0,2800.0,24.50
909,1782045270262,21.527,87.0,2800.7,24.50
910,1782045270314,22.751,86.0,2800.0,23.19
911,1782045270366,25.109,86.0,2801.5,23.19
912,1782045270414,23.593,86.0,2550.6,21.37
913,1782045270464,22.835,85.0,2800.0,21.37
914,1782045270510,19.343,83.0,2300.4,18.87
915,1782045270564,23.456,84.0,2800.0,18.87
916,1782045270612,21.642,84.0,2800.4,18.48
917,1782045270662,20.711,84.0,2800.1,18.48
918,1782045270712,21.535,83.0,2550.1,19.91
919,1782045270849,22.408,82.0,2800.3,20.13
920,1782045270871,21.328,83.0,2050.0,20.13
921,1782045270892,20.959,82.0,2550.3,18.95
922,1782045270913,20.481,83.0,2800.5,18.95
923,1782045270962,21.664,84.0,2800.0,18.95
924,1782045271012,21.227,85.0,2799.9,22.79
925,1782045271062,21.230,86.0,2800.2,22.79
926,1782045271112,21.045,86.0,2800.5,23.25
927,1782045271162,20.973,86.0,2800.7,23.25
928,1782045271211,20.578,86.0,2800.1,23.29
929,1782045271261,20.215,85.0,2800.0,23.29
930,1782045271311,20.691,86.0,2799.9,21.65
931,1782045271363,21.786,86.0,2800.0,21.65
932,1782045271413,21.926,86.0,2800.1,23.25
933,1782045271464,22.839,86.0,2799.8,23.25
934,1782045271512,20.778,86.0,2799.9,23.91
935,1782045271562,20.771,84.0,2799.9,23.91
936,1782045271613,22.568,86.0,2800.0,21.19
937,1782045271663,22.302,86.0,2800.3,21.19
938,1782045271711,20.439,86.0,2550.0,24.05
939,1782045271761,19.946,86.0,2800.0,24.05
940,1782045271812,21.442,86.0,2800.3,22.54
941,1782045271864,23.168,83.0,2800.7,22.54
942,1782045271913,22.418,81.0,2800.9,21.40
943,1782045271961,20.140,83.0,2799.7,21.40
944,1782045272010,19.524,85.0,2800.2,19.84
945,1782045272060,19.213,85.0,2300.4,19.84
946,1782045272110,19.034,85.0,2799.7,23.15
947,1782045272162,20.746,85.0,2800.0,23.15
948,1782045272214,23.053,85.0,2549.9,23.17
949,1782045272260,19.281,86.0,2801.0,23.17
950,1782045272310,19.461,85.0,2799.4,23.08
951,1782045272358,17.508,84.0,2550.0,23.08
952,1782045272415,24.459,87.0,2800.0,23.78
953,1782045272459,18.334,86.0,2799.9,23.78
954,1782045272512,21.013,87.0,2800.0,27.55
955,1782045272559,17.905,88.0,2800.1,27.55
956,1782045272612,20.997,88.0,2800.2,26.28
957,1782045272664,23.365,87.0,2800.0,26.28
958,1782045272711,20.622,86.0,2800.0,28.98
959,1782045272759,18.688,85.0,2799.9,28.98
960,1782045272810,19.274,85.0,2800.1,22.54
961,1782045272900,59.108,86.0,2800.0,27.64
962,1782045272919,18.645,86.0,2800.1,27.64
963,1782045272958,17.255,86.0,2799.6,27.64
964,1782045273010,19.128,85.0,2800.3,24.47
965,1782045273061,19.910,85.0,2799.7,24.47
966,1782045273110,18.947,84.0,2549.9,20.69
967,1782045273162,21.395,84.0,2800.1,20.69
968,1782045273210,19.162,84.0,2800.0,19.29
969,1782045273257,16.498,83.0,2050.2,19.29
970,1782045273310,19.281,82.0,2798.7,17.20
971,1782045273420,20.027,83.0,2800.0,17.18
972,1782045273438,17.713,82.0,2800.5,17.18
973,1782045273459,17.960,85.0,2300.0,17.18
974,1782045273508,16.957,83.0,2050.3,16.88
975,1782045273558,16.708,85.0,2800.0,16.88
976,1782045273609,18.520,84.0,2300.0,16.05
977,1782045273658,17.134,85.0,2050.1,16.05
978,1782045273709,18.054,84.0,2300.2,15.51
979,1782045273759,18.479,84.0,2300.1,15.51
980,1782045273810,19.528,83.0,2300.0,15.49
981,1782045273858,17.499,79.0,2300.2,15.49
982,1782045273911,20.386,80.0,2800.3,14.77
983,1782045273964,23.736,81.0,2800.7,14.77
984,1782045274009,18.491,80.0,2800.0,17.00
985,1782045274065,23.730,83.0,2800.1,17.00
986,1782045274110,19.695,84.0,2549.8,22.77
987,1782045274162,21.234,84.0,2799.7,22.77
988,1782045274210,19.079,85.0,2800.0,23.13
989,1782045274258,17.611,85.0,2800.0,23.13
990,1782045274311,19.955,85.0,2800.5,22.05
991,1782045274362,21.191,85.0,2799.9,22.05
992,1782045274410,19.451,85.0,2801.2,23.79
993,1782045274461,20.013,85.0,2550.2,23.79
994,1782045274511,20.360,86.0,2799.7,21.72
995,1782045274560,19.393,85.0,2800.0,21.72
996,1782045274610,18.929,85.0,2800.1,24.27
997,1782045274661,20.033,84.0,2800.0,24.27
998,1782045274710,19.242,84.0,2800.5,19.39
999,1782045274761,19.775,83.0,2799.9,19.39
1000,1782045274812,20.788,84.0,2800.0,22.90
1001,1782045274859,18.379,85.0,2550.2,22.90
1002,1782045274910,19.496,82.0,2800.0,19.73
1003,1782045274959,17.753,82.0,2800.0,19.73
1004,1782045275009,18.221,83.0,2800.5,20.74
1005,1782045275060,19.392,84.0,2800.3,20.74
1006,1782045275109,18.345,85.0,2799.7,22.62
1007,1782045275161,20.152,85.0,2549.9,22.62
1008,1782045275211,19.827,85.0,2800.6,22.53
1009,1782045275259,18.566,85.0,2800.1,22.53
1010,1782045275310,18.995,83.0,2799.9,24.44
1011,1782045275361,20.303,85.0,2800.2,24.44
1012,1782045275411,20.407,85.0,2801.0,24.49
1013,1782045275460,18.789,86.0,2800.0,24.49
1014,1782045275510,19.297,84.0,2800.0,22.65
1015,1782045275561,20.595,85.0,2550.0,22.65
1016,1782045275611,19.994,85.0,2800.0,23.91
1017,1782045275660,19.523,85.0,2550.2,23.91
1018,1782045275710,18.756,81.0,2800.1,20.90
1019,1782045275762,21.114,83.0,2800.4,20.90
1020,1782045275812,21.271,84.0,2800.2,19.14
1021,1782045275860,19.124,83.0,2550.1,19.14
1022,1782045275912,20.848,83.0,2799.9,19.93
1023,1782045275959,17.893,83.0,2802.0,19.93
1024,1782045276009,18.109,83.0,2549.6,19.93
1025,1782045276057,16.462,83.0,2549.5,20.35
1026,1782045276108,17.493,82.0,2050.7,20.35
1027,1782045276161,20.176,81.0,2550.3,17.23
1028,1782045276211,20.286,82.0,2799.6,17.18
1029,1782045276258,17.606,82.0,2800.5,17.18
1030,1782045276311,20.106,83.0,2800.0,17.18
1031,1782045276360,19.439,82.0,2550.0,19.28
1032,1782045276410,19.258,83.0,2799.8,19.28
1033,1782045276458,17.611,83.0,2549.3,19.50
1034,1782045276508,17.401,82.0,2050.5,19.50
1035,1782045276559,17.807,81.0,2799.8,17.75
1036,1782045276611,20.034,83.0,2800.1,17.75
1037,1782045276659,18.559,82.0,2800.0,18.68
1038,1782045276712,21.316,82.0,2799.7,18.68
1039,1782045276758,17.335,82.0,2800.0,19.34
1040,1782045276809,18.374,82.0,2800.2,19.34
1041,1782045276857,16.393,82.0,2300.2,19.24
1042,1782045276911,19.895,81.0,2550.2,19.24
1043,1782045276960,19.333,83.0,2799.7,18.15
1044,1782045277011,19.919,82.0,2800.0,18.15
1045,1782045277058,17.531,84.0,2551.1,18.22
1046,1782045277111,20.523,85.0,2799.8,18.22
1047,1782045277162,21.260,85.0,2800.3,22.52
1048,1782045277209,18.069,85.0,2800.0,22.52
1049,1782045277260,18.701,86.0,2800.0,23.63
1050,1782045277310,19.428,84.0,2800.0,23.63
1051,1782045277359,18.416,85.0,2799.9,22.81
1052,1782045277410,18.955,86.0,2800.0,22.81
1053,1782045277459,18.232,86.0,2550.0,20.23
1054,1782045277512,20.934,84.0,2799.8,20.23
1055,1782045277561,20.017,85.0,2799.5,22.57
1056,1782045277612,21.474,87.0,2799.8,22.57
1057,1782045277661,20.494,87.0,2550.2,25.71
1058,1782045277709,18.609,86.0,2799.4,25.71
1059,1782045277761,20.622,82.0,2800.0,23.59
1060,1782045277810,18.761,81.0,2800.0,23.59
1061,1782045277863,21.861,82.0,2549.6,19.10
1062,1782045277909,18.578,82.0,2800.0,19.10
1063,1782045277958,17.678,82.0,2550.0,19.79
1064,1782045278011,20.426,83.0,2800.0,19.79
1065,1782045278061,19.820,84.0,2800.0,20.46
1066,1782045278109,17.736,83.0,2800.1,20.46
1067,1782045278159,18.243,82.0,2550.3,19.45
1068,1782045278209,17.749,80.0,2549.4,19.45
1069,1782045278259,18.378,82.0,2550.0,15.98
1070,1782045278310,18.951,83.0,2799.9,15.98
1071,1782045278359,18.265,84.0,2050.0,18.46
1072,1782045278410,19.127,84.0,2800.0,18.46
1073,1782045278460,18.952,84.0,2548.5,19.30
1074,1782045278509,17.735,84.0,2800.1,19.30
1075,1782045278557,16.689,84.0,2800.0,18.00
1076,1782045278610,18.849,81.0,2299.9,18.00
1077,1782045278659,18.412,80.0,1800.2,17.07
1078,1782045278708,16.970,81.0,2800.1,17.07
1079,1782045278759,17.932,81.0,2800.2,15.28
1080,1782045278809,18.665,82.0,2800.4,15.28
1081,1782045278858,17.464,83.0,2800.0,19.51
1082,1782045278908,17.059,84.0,2800.4,19.51
1083,1782045278958,17.376,84.0,2800.0,21.70
1084,1782045279009,18.319,83.0,2800.0,21.70
1085,1782045279059,18.185,82.0,2550.3,20.68
1086,1782045279111,20.638,83.0,2800.1,20.68
1087,1782045279160,19.031,83.0,2801.6,18.27
1088,1782045279209,17.990,83.0,2800.1,18.27
1089,1782045279259,18.591,83.0,2549.9,18.96
1090,1782045279310,19.088,83.0,2801.3,18.96
1091,1782045279359,17.891,82.0,2550.3,18.24
1092,1782045279411,20.499,82.0,2800.3,18.24
1093,1782045279459,18.187,81.0,2300.4,18.73
1094,1782045279538,17.398,82.0,2549.5,17.20
1095,1782045279558,17.001,82.0,2550.0,17.20
1096,1782045279610,18.734,82.0,2800.2,17.20
1097,1782045279658,17.271,83.0,2800.3,18.46
1098,1782045279708,16.948,82.0,2800.3,18.46
1099,1782045279757,16.243,83.0,2300.0,18.16
1100,1782045279809,18.690,83.0,2800.0,18.16
1101,1782045279859,17.867,83.0,2799.9,18.75
1102,1782045279907,16.637,81.0,2050.1,18.75
1103,1782045279958,17.573,82.0,2799.8,16.40
1104,1782045280011,20.277,82.0,2800.0,16.40
1105,1782045280060,19.402,83.0,2800.2,19.54
1106,1782045280110,18.951,82.0,2799.0,19.54
1107,1782045280160,18.887,82.0,2800.0,18.33
1108,1782045280210,19.560,82.0,2549.8,18.33
1109,1782045280260,19.538,82.0,2550.0,19.42
1110,1782045280309,18.214,81.0,2800.0,19.42
1111,1782045280360,19.680,82.0,2800.0,17.38
1112,1782045280411,19.751,83.0,2800.1,17.38
1113,1782045280459,18.055,83.0,2799.9,23.40
1114,1782045280507,16.372,84.0,2800.9,23.40
1115,1782045280557,16.156,83.0,2550.1,20.43
1116,1782045280609,17.899,82.0,2800.4,20.43
1117,1782045280662,21.611,83.0,2800.3,18.93
1118,1782045280709,18.346,82.0,2800.3,18.93
1119,1782045280762,20.785,83.0,2799.8,18.45
1120,1782045280810,18.728,82.0,2800.0,18.45
1121,1782045280859,18.315,83.0,2800.7,21.38
1122,1782045280908,16.863,83.0,2800.1,21.38
1123,1782045280958,16.778,82.0,2800.0,17.73
1124,1782045281009,17.724,84.0,2800.0,17.73
1125,1782045281058,16.954,83.0,2800.1,19.34
1126,1782045281108,16.844,81.0,2050.0,19.34
1127,1782045281158,16.946,81.0,2800.0,16.33
1128,1782045281208,17.566,82.0,2800.3,16.33
1129,1782045281258,17.134,84.0,2800.0,16.92
1130,1782045281310,19.115,83.0,2800.2,16.92
1131,1782045281359,18.130,82.0,2549.9,18.92
1132,1782045281411,19.828,83.0,2800.0,18.92
1133,1782045281458,16.884,83.0,2550.1,20.39
1134,1782045281507,15.890,80.0,2550.1,20.39
1135,1782045281557,16.424,80.0,2300.4,17.21
1136,1782045281609,18.461,81.0,2300.1,17.21
1137,1782045281660,19.284,82.0,2799.7,16.63
1138,1782045281708,16.803,82.0,2800.0,16.63
1139,1782045281759,18.432,83.0,2549.6,18.12
1140,1782045281809,17.946,82.0,2799.7,18.12
1141,1782045281859,17.921,83.0,2799.7,17.91
1142,1782045281907,16.616,82.0,2549.5,17.91
1143,1782045281958,16.948,81.0,2050.0,18.22
1144,1782045282009,17.756,80.0,2800.0,18.22
1145,1782045282058,17.098,84.0,2800.5,17.36
1146,1782045282108,17.131,84.0,2800.0,17.36
1147,1782045282158,17.224,85.0,2799.9,18.78
1148,1782045282207,16.405,85.0,2800.3,18.78
1149,1782045282258,16.936,85.0,2549.9,18.39
1150,1782045282310,19.456,86.0,2800.0,18.39
1151,1782045282358,17.173,86.0,2550.1,18.64
1152,1782045282407,16.583,84.0,2799.8,18.64
1153,1782045282458,17.289,82.0,2300.0,17.90
1154,1782045282508,17.175,84.0,2799.4,17.90
1155,1782045282559,17.773,85.0,2800.0,18.22
1156,1782045282609,18.047,85.0,2799.6,18.22
1157,1782045282659,18.251,81.0,2800.2,22.51
1158,1782045282708,16.821,82.0,2800.0,22.51
1159,1782045282757,16.207,83.0,2800.1,18.98
1160,1782045282808,17.410,84.0,2800.0,18.98
1161,1782045282857,16.210,84.0,2799.2,21.39
1162,1782045282908,17.123,84.0,2300.0,21.39
1163,1782045282958,17.683,84.0,2799.8,19.08
1164,1782045283011,19.856,84.0,2799.9,19.08
1165,1782045283059,18.377,84.0,2799.8,22.20
1166,1782045283106,15.463,84.0,2300.5,22.20
1167,1782045283162,21.255,83.0,2800.4,18.52
1168,1782045283208,17.475,84.0,2800.2,18.52
1169,1782045283263,22.115,84.0,2800.0,20.21
1170,1782045283308,16.712,84.0,2800.3,20.21
1171,1782045283357,16.622,82.0,2799.5,19.31
1172,1782045283413,22.138,83.0,2799.9,19.31
1173,1782045283462,21.553,83.0,2550.1,18.43
1174,1782045283508,16.054,83.0,2551.1,18.43
1175,1782045283557,15.905,83.0,2800.1,19.65
1176,1782045283612,21.079,84.0,2800.0,19.65
1177,1782045283665,23.730,84.0,2800.5,19.66
1178,1782045283708,17.333,83.0,2800.2,19.66
1179,1782045283759,17.777,84.0,2799.9,18.99
1180,1782045283837,16.986,83.0,2050.2,18.99
1181,1782045283857,15.974,82.0,2549.6,18.49
1182,1782045283908,16.820,83.0,2799.9,18.49
1183,1782045283959,18.265,83.0,2799.1,17.29
1184,1782045284013,22.171,84.0,2800.0,17.29
1185,1782045284062,21.327,85.0,2800.1,20.23
1186,1782045284110,19.515,85.0,2800.1,20.23
1187,1782045284161,20.670,85.0,2550.1,18.15
1188,1782045284212,21.416,84.0,2800.4,18.15
1189,1782045284259,18.071,85.0,2299.9,17.38
1190,1782045284309,18.197,83.0,2800.0,17.38
1191,1782045284357,16.624,84.0,2800.0,16.58
1192,1782045284412,21.418,84.0,2799.6,16.58
1193,1782045284457,15.999,84.0,2800.6,21.60
1194,1782045284507,16.433,84.0,2800.4,21.60
1195,1782045284557,15.955,81.0,2799.5,18.02
1196,1782045284611,19.850,82.0,2549.6,18.02
1197,1782045284661,19.773,83.0,2800.0,17.79
1198,1782045284708,17.058,84.0,2549.6,17.79
1199,1782045284758,17.346,83.0,2550.1,18.58
1200,1782045284809,18.231,83.0,2550.0,18.58
